FECHA;T. Máxima;T.Mínima;;;;;;
01/01/2021;17.0;13.4;;;;;;
02/01/2021;16.8;13.5;;;;;;
03/01/2021;17.3;13.8;;;;;;
04/01/2021;18.6;13.9;;;;;;
05/01/2021;21.6;14.2;;;;;;
06/01/2021;22.5;15.8;;;;;;
07/01/2021;24.0;17.5;;;;;;
08/01/2021;19.9;11.9;;;;;;
09/01/2021;15.3;11.7;;;;;;
10/01/2021;16.2;12.1;;;;;;
11/01/2021;15.8;12.3;;;;;;
12/01/2021;16.2;11.7;;;;;;
13/01/2021;16.9;12.8;;;;;;
14/01/2021;17.5;13.0;;;;;;
15/01/2021;16.4;13.4;;;;;;
16/01/2021;17.5;13.2;;;;;;
17/01/2021;17.7;13.5;;;;;;
18/01/2021;17.7;11.3;;;;;;
19/01/2021;18.1;10.9;;;;;;
20/01/2021;18.5;10.7;;;;;;
21/01/2021;19.3;13.4;;;;;;
22/01/2021;17.9;15.8;;;;;;
23/01/2021;18.5;15.1;;;;;;
24/01/2021;19.9;13.1;;;;;;
25/01/2021;18.8;12.7;;;;;;
26/01/2021;19.4;15.5;;;;;;
27/01/2021;20.6;15.3;;;;;;
28/01/2021;24.5;12.8;;;;;;
29/01/2021;23.8;15.4;;;;;;
30/01/2021;18.2;12.9;;;;;;
31/01/2021;18.4;14.8;;;;;;
01/02/2021;21.6;14.7;;;;;;
02/02/2021;19.0;14.7;;;;;;
03/02/2021;17.7;14.2;;;;;;
04/02/2021;15.8;11.0;;;;;;
05/02/2021;15.6;10.0;;;;;;
06/02/2021;16.5;10.9;;;;;;
07/02/2021;17.2;13.0;;;;;;
08/02/2021;18.0;14.1;;;;;;
09/02/2021;19.4;12.0;;;;;;
10/02/2021;18.6;12.4;;;;;;
11/02/2021;19.0;11.9;;;;;;
12/02/2021;18.0;14.7;;;;;;
13/02/2021;19.1;15.4;;;;;;
14/02/2021;18.5;12.3;;;;;;
15/02/2021;23.5;12.3;;;;;;
16/02/2021;20.7;16.8;;;;;;
17/02/2021;19.8;14.2;;;;;;
18/02/2021;18.8;11.5;;;;;;
19/02/2021;21.4;12.2;;;;;;
20/02/2021;21.4;12.6;;;;;;
21/02/2021;18.0;14.4;;;;;;
22/02/2021;19.3;12.3;;;;;;
23/02/2021;19.5;13.9;;;;;;
24/02/2021;19.4;14.0;;;;;;
25/02/2021;17.8;14.8;;;;;;
26/02/2021;17.1;14.0;;;;;;
27/02/2021;15.2;13.1;;;;;;
28/02/2021;16.8;12.1;;;;;;
01/03/2021;17.8;13.8;;;;;;
02/03/2021;18.6;13.4;;;;;;
03/03/2021;19.2;13.4;;;;;;
04/03/2021;18.5;13.8;;;;;;
05/03/2021;19.6;14.9;;;;;;
06/03/2021;17.5;13.3;;;;;;
07/03/2021;18.2;14.8;;;;;;
08/03/2021;18.0;14.3;;;;;;
09/03/2021;16.5;13.4;;;;;;
10/03/2021;16.9;14.1;;;;;;
11/03/2021;19.5;14.2;;;;;;
12/03/2021;19.4;12.8;;;;;;
13/03/2021;18.6;13.3;;;;;;
14/03/2021;18.9;15.1;;;;;;
15/03/2021;19.0;15.0;;;;;;
16/03/2021;18.9;15.3;;;;;;
17/03/2021;18.7;14.2;;;;;;
18/03/2021;18.4;14.4;;;;;;
19/03/2021;18.9;14.5;;;;;;
20/03/2021;18.7;14.3;;;;;;
21/03/2021;18.3;13.8;;;;;;
22/03/2021;17.2;14.1;;;;;;
23/03/2021;19.4;12.3;;;;;;
24/03/2021;25.9;13.4;;;;;;
25/03/2021;28.1;17.9;;;;;;
26/03/2021;23.7;16.0;;;;;;
27/03/2021;22.3;13.6;;;;;;
28/03/2021;20.4;13.9;;;;;;
29/03/2021;20.2;13.9;;;;;;
30/03/2021;20.3;13.3;;;;;;
31/03/2021;22.1;12.7;;;;;;
01/04/2021;19.9;13.7;;;;;;
02/04/2021;19.7;14.5;;;;;;
03/04/2021;19.1;15.0;;;;;;
04/04/2021;19.9;15.7;;;;;;
05/04/2021;18.8;13.6;;;;;;
06/04/2021;20.5;12.9;;;;;;
07/04/2021;21.1;13.4;;;;;;
08/04/2021;22.4;14.7;;;;;;
09/04/2021;22.0;14.8;;;;;;
10/04/2021;22.0;15.3;;;;;;
11/04/2021;21.8;14.5;;;;;;
12/04/2021;23.1;15.7;;;;;;
13/04/2021;23.2;15.6;;;;;;
14/04/2021;22.3;17.4;;;;;;
15/04/2021;20.7;16.4;;;;;;
16/04/2021;20.5;16.7;;;;;;
17/04/2021;21.5;16.6;;;;;;
18/04/2021;20.7;16.5;;;;;;
19/04/2021;20.8;15.9;;;;;;
20/04/2021;20.6;15.6;;;;;;
21/04/2021;21.3;16.0;;;;;;
22/04/2021;21.7;16.5;;;;;;
23/04/2021;23.9;16.1;;;;;;
24/04/2021;22.3;16.6;;;;;;
25/04/2021;19.4;14.5;;;;;;
26/04/2021;20.3;14.1;;;;;;
27/04/2021;20.3;16.0;;;;;;
28/04/2021;21.9;15.4;;;;;;
29/04/2021;20.5;14.4;;;;;;
30/04/2021;18.4;15.4;;;;;;
01/05/2021;19.3;13.9;;;;;;
02/05/2021;19.6;15.8;;;;;;
03/05/2021;19.7;15.3;;;;;;
04/05/2021;18.9;15.4;;;;;;
05/05/2021;20.9;16.3;;;;;;
06/05/2021;20.8;16.3;;;;;;
07/05/2021;21.1;16.3;;;;;;
08/05/2021;21.4;16.5;;;;;;
09/05/2021;23.6;15.8;;;;;;
10/05/2021;22.1;16.5;;;;;;
11/05/2021;20.4;16.1;;;;;;
12/05/2021;20.2;16.1;;;;;;
13/05/2021;20.1;16.2;;;;;;
14/05/2021;20.3;16.4;;;;;;
15/05/2021;20.6;16.9;;;;;;
16/05/2021;21.7;17.1;;;;;;
17/05/2021;21.6;17.0;;;;;;
18/05/2021;22.3;17.0;;;;;;
19/05/2021;19.4;16.7;;;;;;
20/05/2021;21.6;16.9;;;;;;
21/05/2021;22.8;18.6;;;;;;
22/05/2021;20.6;17.9;;;;;;
23/05/2021;20.5;16.4;;;;;;
24/05/2021;20.5;16.0;;;;;;
25/05/2021;19.4;16.5;;;;;;
26/05/2021;20.2;16.3;;;;;;
27/05/2021;19.9;16.6;;;;;;
28/05/2021;21.5;16.8;;;;;;
29/05/2021;20.8;16.3;;;;;;
30/05/2021;21.8;17.1;;;;;;
31/05/2021;20.1;16.2;;;;;;
01/06/2021;20.7;16.0;;;;;;
02/06/2021;21.4;16.0;;;;;;
03/06/2021;21.3;16.9;;;;;;
04/06/2021;19.7;16.4;;;;;;
05/06/2021;20.4;16.1;;;;;;
06/06/2021;20.6;16.3;;;;;;
07/06/2021;22.2;17.4;;;;;;
08/06/2021;23.5;17.1;;;;;;
09/06/2021;28.5;18.4;;;;;;
10/06/2021;27.1;18.1;;;;;;
11/06/2021;27.3;18.1;;;;;;
12/06/2021;22.0;18.1;;;;;;
13/06/2021;20.8;17.1;;;;;;
14/06/2021;20.8;17.4;;;;;;
15/06/2021;22.6;17.3;;;;;;
16/06/2021;22.9;18.2;;;;;;
17/06/2021;22.9;18.0;;;;;;
18/06/2021;20.9;17.6;;;;;;
19/06/2021;20.9;16.7;;;;;;
20/06/2021;21.2;16.7;;;;;;
21/06/2021;22.4;16.6;;;;;;
22/06/2021;21.7;16.2;;;;;;
23/06/2021;20.7;16.7;;;;;;
24/06/2021;21.4;16.9;;;;;;
25/06/2021;22.0;17.3;;;;;;
26/06/2021;21.8;17.7;;;;;;
27/06/2021;22.2;17.9;;;;;;
28/06/2021;20.4;17.2;;;;;;
29/06/2021;21.0;17.7;;;;;;
30/06/2021;19.5;17.4;;;;;;
01/07/2021;21.4;16.9;;;;;;
02/07/2021;21.5;17.0;;;;;;
03/07/2021;25.2;17.3;;;;;;
04/07/2021;21.5;17.7;;;;;;
05/07/2021;22.4;17.9;;;;;;
06/07/2021;22.5;18.5;;;;;;
07/07/2021;22.3;18.8;;;;;;
08/07/2021;21.5;17.6;;;;;;
09/07/2021;21.5;17.7;;;;;;
10/07/2021;21.4;17.4;;;;;;
11/07/2021;25.0;18.4;;;;;;
12/07/2021;30.9;20.3;;;;;;
13/07/2021;25.0;19.7;;;;;;
14/07/2021;23.8;18.5;;;;;;
15/07/2021;22.8;18.4;;;;;;
16/07/2021;24.0;18.0;;;;;;
17/07/2021;24.8;17.6;;;;;;
18/07/2021;26.8;18.5;;;;;;
19/07/2021;25.2;22.0;;;;;;
20/07/2021;21.9;18.0;;;;;;
21/07/2021;22.0;18.3;;;;;;
22/07/2021;22.1;18.2;;;;;;
23/07/2021;23.5;19.1;;;;;;
24/07/2021;23.3;19.1;;;;;;
25/07/2021;23.5;18.4;;;;;;
26/07/2021;22.4;18.3;;;;;;
27/07/2021;22.7;18.7;;;;;;
28/07/2021;23.2;18.6;;;;;;
29/07/2021;22.2;18.7;;;;;;
30/07/2021;22.7;18.6;;;;;;
31/07/2021;23.5;18.3;;;;;;
01/08/2021;21.4;18.7;;;;;;
02/08/2021;23.1;18.5;;;;;;
03/08/2021;22.7;18.6;;;;;;
04/08/2021;23.4;18.9;;;;;;
05/08/2021;23.9;19.3;;;;;;
06/08/2021;23.2;18.5;;;;;;
07/08/2021;22.9;18.3;;;;;;
08/08/2021;24.0;19.5;;;;;;
09/08/2021;22.9;18.9;;;;;;
10/08/2021;23.4;18.0;;;;;;
11/08/2021;24.3;19.5;;;;;;
12/08/2021;24.4;19.5;;;;;;
13/08/2021;24.4;19.7;;;;;;
14/08/2021;25.6;19.0;;;;;;
15/08/2021;29.8;19.4;;;;;;
16/08/2021;29.5;21.7;;;;;;
17/08/2021;31.8;22.7;;;;;;
18/08/2021;32.7;24.1;;;;;;
19/08/2021;29.5;19.8;;;;;;
20/08/2021;27.8;20.1;;;;;;
21/08/2021;26.0;19.4;;;;;;
22/08/2021;24.8;18.2;;;;;;
23/08/2021;23.6;19.8;;;;;;
24/08/2021;24.0;20.2;;;;;;
25/08/2021;25.1;19.8;;;;;;
26/08/2021;25.0;18.6;;;;;;
27/08/2021;25.8;18.5;;;;;;
28/08/2021;26.7;19.2;;;;;;
29/08/2021;25.8;19.7;;;;;;
30/08/2021;25.8;20.1;;;;;;
31/08/2021;26.3;20.6;;;;;;
01/09/2021;27.2;21.0;;;;;;
02/09/2021;26.0;19.8;;;;;;
03/09/2021;25.3;19.6;;;;;;
04/09/2021;26.0;20.0;;;;;;
05/09/2021;26.6;19.8;;;;;;
06/09/2021;27.3;19.6;;;;;;
07/09/2021;27.0;21.7;;;;;;
08/09/2021;26.8;21.3;;;;;;
09/09/2021;26.6;21.4;;;;;;
10/09/2021;26.3;20.5;;;;;;
11/09/2021;28.0;20.7;;;;;;
12/09/2021;25.4;20.4;;;;;;
13/09/2021;26.0;20.0;;;;;;
14/09/2021;26.2;19.4;;;;;;
15/09/2021;;;;;;;;
16/09/2021;24.8;20.5;;;;;;
17/09/2021;24.3;19.9;;;;;;
18/09/2021;25.5;20.0;;;;;;
19/09/2021;24.0;19.6;;;;;;
20/09/2021;25.0;19.4;;;;;;
21/09/2021;23.2;19.9;;;;;;
22/09/2021;24.5;19.8;;;;;;
23/09/2021;24.1;19.2;;;;;;
24/09/2021;23.9;17.6;;;;;;
25/09/2021;24.0;17.4;;;;;;
26/09/2021;24.6;18.6;;;;;;
27/09/2021;25.2;19.9;;;;;;
28/09/2021;23.6;20.6;;;;;;
29/09/2021;23.0;20.3;;;;;;
30/09/2021;23.5;19.8;;;;;;
01/10/2021;25.5;19.4;;;;;;
02/10/2021;25.9;19.5;;;;;;
03/10/2021;24.6;18.2;;;;;;
04/10/2021;23.4;19.9;;;;;;
05/10/2021;23.2;19.4;;;;;;
06/10/2021;23.9;19.5;;;;;;
07/10/2021;23.9;19.5;;;;;;
08/10/2021;23.4;19.5;;;;;;
09/10/2021;22.0;19.5;;;;;;
10/10/2021;23.4;19.3;;;;;;
11/10/2021;23.3;19.7;;;;;;
12/10/2021;23.1;16.8;;;;;;
13/10/2021;22.4;17.6;;;;;;
14/10/2021;23.6;18.0;;;;;;
15/10/2021;23.4;19.1;;;;;;
16/10/2021;25.2;19.6;;;;;;
17/10/2021;31.0;18.3;;;;;;
18/10/2021;29.6;20.0;;;;;;
19/10/2021;26.0;19.5;;;;;;
20/10/2021;25.6;18.7;;;;;;
21/10/2021;23.5;19.1;;;;;;
22/10/2021;22.5;18.4;;;;;;
23/10/2021;22.4;17.4;;;;;;
24/10/2021;21.3;17.5;;;;;;
25/10/2021;22.6;17.0;;;;;;
26/10/2021;22.0;18.4;;;;;;
27/10/2021;22.2;17.3;;;;;;
28/10/2021;21.5;16.9;;;;;;
29/10/2021;22.4;15.2;;;;;;
30/10/2021;22.1;15.3;;;;;;
31/10/2021;22.3;14.7;;;;;;
01/11/2021;22.6;18.1;;;;;;
02/11/2021;23.5;17.0;;;;;;
03/11/2021;21.8;17.5;;;;;;
04/11/2021;22.9;17.5;;;;;;
05/11/2021;20.5;16.8;;;;;;
06/11/2021;20.0;17.2;;;;;;
07/11/2021;19.7;17.0;;;;;;
08/11/2021;19.9;15.3;;;;;;
09/11/2021;20.4;15.9;;;;;;
10/11/2021;20.2;15.4;;;;;;
11/11/2021;21.0;16.8;;;;;;
12/11/2021;22.0;17.0;;;;;;
13/11/2021;20.7;15.4;;;;;;
14/11/2021;20.9;15.0;;;;;;
15/11/2021;21.7;14.3;;;;;;
16/11/2021;20.8;15.5;;;;;;
17/11/2021;20.9;15.7;;;;;;
18/11/2021;20.8;15.0;;;;;;
19/11/2021;20.9;14.4;;;;;;
20/11/2021;20.7;13.8;;;;;;
21/11/2021;21.4;13.9;;;;;;
22/11/2021;23.0;16.6;;;;;;
23/11/2021;21.9;16.4;;;;;;
24/11/2021;21.9;15.4;;;;;;
25/11/2021;18.8;17.0;;;;;;
26/11/2021;17.6;13.1;;;;;;
27/11/2021;18.2;14.6;;;;;;
28/11/2021;18.7;15.5;;;;;;
29/11/2021;18.5;15.4;;;;;;
30/11/2021;19.8;14.4;;;;;;
01/12/2021;19.5;13.4;;;;;;
02/12/2021;19.2;15.5;;;;;;
03/12/2021;19.3;15.9;;;;;;
04/12/2021;19.5;15.4;;;;;;
05/12/2021;18.6;13.4;;;;;;
06/12/2021;18.5;16.3;;;;;;
07/12/2021;18.7;13.7;;;;;;
08/12/2021;18.8;15.2;;;;;;
09/12/2021;18.4;14.9;;;;;;
10/12/2021;18.5;15.4;;;;;;
11/12/2021;18.7;13.9;;;;;;
12/12/2021;19.4;15.7;;;;;;
13/12/2021;19.7;13.3;;;;;;
14/12/2021;21.4;13.6;;;;;;
15/12/2021;18.1;13.5;;;;;;
16/12/2021;19.4;12.2;;;;;;
17/12/2021;19.4;12.0;;;;;;
18/12/2021;20.0;12.4;;;;;;
19/12/2021;21.6;13.3;;;;;;
20/12/2021;21.2;13.7;;;;;;
21/12/2021;21.4;15.3;;;;;;
22/12/2021;20.4;14.9;;;;;;
23/12/2021;19.7;14.4;;;;;;
24/12/2021;20.3;13.7;;;;;;
25/12/2021;19.7;14.2;;;;;;
26/12/2021;21.3;14.3;;;;;;
27/12/2021;20.5;15.9;;;;;;
28/12/2021;19.3;16.5;;;;;;
29/12/2021;21.3;15.0;;;;;;
30/12/2021;28.0;14.9;;;;;;
31/12/2021;27.3;18.1;;;;;;
01/01/2022;25.2;15.6;;;;;;
02/01/2022;25.0;17.8;;;;;;
03/01/2022;23.5;14.1;;;;;;
04/01/2022;21.7;14.1;;;;;;
05/01/2022;17.8;13.8;;;;;;
06/01/2022;17.4;14.8;;;;;;
07/01/2022;16.9;14.6;;;;;;
08/01/2022;18.7;14.9;;;;;;
09/01/2022;20.3;13.9;;;;;;
10/01/2022;18.3;15.3;;;;;;
11/01/2022;20.2;12.6;;;;;;
12/01/2022;19.3;12.5;;;;;;
13/01/2022;20.6;12.3;;;;;;
14/01/2022;21.7;13.1;;;;;;
15/01/2022;19.0;15.8;;;;;;
16/01/2022;18.3;14.6;;;;;;
17/01/2022;15.9;14.6;;;;;;
18/01/2022;16.9;13.3;;;;;;
19/01/2022;18.6;15.9;;;;;;
20/01/2022;19.2;16.3;;;;;;
21/01/2022;19.8;14.0;;;;;;
22/01/2022;19.2;13.9;;;;;;
23/01/2022;20.1;13.4;;;;;;
24/01/2022;20.6;13.8;;;;;;
25/01/2022;17.3;14.8;;;;;;
26/01/2022;17.6;13.6;;;;;;
27/01/2022;17.2;12.8;;;;;;
28/01/2022;17.6;11.4;;;;;;
29/01/2022;18.4;13.4;;;;;;
30/01/2022;19.8;11.9;;;;;;
31/01/2022;20.4;11.5;;;;;;
01/02/2022;20.5;16.9;;;;;;
02/02/2022;25.1;16.5;;;;;;
03/02/2022;25.8;17.4;;;;;;
04/02/2022;23.0;18.0;;;;;;
05/02/2022;22.0;15.5;;;;;;
06/02/2022;20.4;13.8;;;;;;
07/02/2022;20.4;13.6;;;;;;
08/02/2022;25.7;17.2;;;;;;
09/02/2022;24.2;18.7;;;;;;
10/02/2022;26.6;19.2;;;;;;
11/02/2022;25.1;17.8;;;;;;
12/02/2022;19.8;15.1;;;;;;
13/02/2022;20.0;12.8;;;;;;
14/02/2022;19.6;13.0;;;;;;
15/02/2022;18.2;14.6;;;;;;
16/02/2022;17.9;14.6;;;;;;
17/02/2022;20.1;13.7;;;;;;
18/02/2022;18.3;13.6;;;;;;
19/02/2022;18.9;14.9;;;;;;
20/02/2022;17.5;12.3;;;;;;
21/02/2022;17.3;10.6;;;;;;
22/02/2022;19.4;10.3;;;;;;
23/02/2022;20.2;12.3;;;;;;
24/02/2022;20.2;13.4;;;;;;
25/02/2022;17.8;15.3;;;;;;
26/02/2022;17.2;13.5;;;;;;
27/02/2022;17.4;14.0;;;;;;
28/02/2022;17.9;14.3;;;;;;
01/03/2022;18.8;15.3;;;;;;
02/03/2022;19.4;15.0;;;;;;
03/03/2022;18.5;14.7;;;;;;
04/03/2022;17.4;13.8;;;;;;
05/03/2022;16.7;13.4;;;;;;
06/03/2022;18.4;14.4;;;;;;
07/03/2022;19.1;13.7;;;;;;
08/03/2022;19.0;13.7;;;;;;
09/03/2022;19.5;14.4;;;;;;
10/03/2022;18.5;13.9;;;;;;
11/03/2022;19.0;12.0;;;;;;
12/03/2022;20.1;14.7;;;;;;
13/03/2022;19.4;14.7;;;;;;
14/03/2022;17.0;10.6;;;;;;
15/03/2022;16.9;11.3;;;;;;
16/03/2022;17.5;14.2;;;;;;
17/03/2022;18.2;14.5;;;;;;
18/03/2022;19.1;13.9;;;;;;
19/03/2022;19.5;14.9;;;;;;
20/03/2022;18.7;14.4;;;;;;
21/03/2022;19.2;12.9;;;;;;
22/03/2022;18.4;13.9;;;;;;
23/03/2022;17.6;13.2;;;;;;
24/03/2022;18.0;13.1;;;;;;
25/03/2022;18.4;13.7;;;;;;
26/03/2022;18.7;11.8;;;;;;
27/03/2022;20.4;12.2;;;;;;
28/03/2022;23.8;14.1;;;;;;
29/03/2022;20.1;14.0;;;;;;
30/03/2022;19.7;14.8;;;;;;
31/03/2022;18.6;14.4;;;;;;
01/04/2022;18.1;14.7;;;;;;
02/04/2022;18.9;14.4;;;;;;
03/04/2022;23.0;12.4;;;;;;
04/04/2022;18.0;13.9;;;;;;
05/04/2022;17.3;13.2;;;;;;
06/04/2022;18.3;13.5;;;;;;
07/04/2022;18.9;13.3;;;;;;
08/04/2022;19.2;15.0;;;;;;
09/04/2022;19.9;14.6;;;;;;
10/04/2022;20.0;12.0;;;;;;
11/04/2022;19.3;14.1;;;;;;
12/04/2022;18.8;15.2;;;;;;
13/04/2022;19.2;15.3;;;;;;
14/04/2022;19.1;14.9;;;;;;
15/04/2022;20.4;15.0;;;;;;
16/04/2022;22.3;14.2;;;;;;
17/04/2022;30.6;16.8;;;;;;
18/04/2022;25.2;17.4;;;;;;
19/04/2022;18.8;16.1;;;;;;
20/04/2022;18.4;14.6;;;;;;
21/04/2022;18.7;14.6;;;;;;
22/04/2022;20.5;12.5;;;;;;
23/04/2022;19.5;14.3;;;;;;
24/04/2022;20.5;14.5;;;;;;
25/04/2022;21.8;13.2;;;;;;
26/04/2022;19.1;15.6;;;;;;
27/04/2022;19.5;14.1;;;;;;
28/04/2022;20.0;15.2;;;;;;
29/04/2022;19.9;15.5;;;;;;
30/04/2022;21.2;15.0;;;;;;
01/05/2022;21.5;15.4;;;;;;
02/05/2022;19.5;14.7;;;;;;
03/05/2022;19.4;15.4;;;;;;
04/05/2022;20.5;14.2;;;;;;
05/05/2022;20.1;15.2;;;;;;
06/05/2022;21.5;14.5;;;;;;
07/05/2022;21.5;15.3;;;;;;
08/05/2022;21.1;15.7;;;;;;
09/05/2022;23.6;15.4;;;;;;
10/05/2022;32.8;18.6;;;;;;
11/05/2022;23.3;18.1;;;;;;
12/05/2022;21.5;17.4;;;;;;
13/05/2022;22.9;16.9;;;;;;
14/05/2022;20.8;16.6;;;;;;
15/05/2022;23.5;14.7;;;;;;
16/05/2022;23.0;15.4;;;;;;
17/05/2022;22.5;15.5;;;;;;
18/05/2022;23.2;18.0;;;;;;
19/05/2022;22.8;17.4;;;;;;
20/05/2022;22.3;17.3;;;;;;
21/05/2022;21.5;17.1;;;;;;
22/05/2022;21.0;17.0;;;;;;
23/05/2022;21.6;17.3;;;;;;
24/05/2022;20.9;17.2;;;;;;
25/05/2022;20.0;17.2;;;;;;
26/05/2022;22.3;16.6;;;;;;
27/05/2022;22.2;16.5;;;;;;
28/05/2022;22.3;17.3;;;;;;
29/05/2022;21.5;17.0;;;;;;
30/05/2022;23.2;16.9;;;;;;
31/05/2022;24.2;17.1;;;;;;
01/06/2022;22.4;18.2;;;;;;
02/06/2022;22.5;16.8;;;;;;
03/06/2022;22.0;17.7;;;;;;
04/06/2022;22.1;17.3;;;;;;
05/06/2022;22.4;17.0;;;;;;
06/06/2022;21.0;18.0;;;;;;
07/06/2022;22.8;17.5;;;;;;
08/06/2022;24.1;17.8;;;;;;
09/06/2022;24.0;18.5;;;;;;
10/06/2022;22.5;18.0;;;;;;
11/06/2022;21.4;18.1;;;;;;
12/06/2022;22.2;18.2;;;;;;
13/06/2022;23.0;17.7;;;;;;
14/06/2022;22.7;18.1;;;;;;
15/06/2022;23.5;17.2;;;;;;
16/06/2022;23.5;18.0;;;;;;
17/06/2022;23.0;18.4;;;;;;
18/06/2022;22.9;18.6;;;;;;
19/06/2022;22.9;18.4;;;;;;
20/06/2022;22.6;18.4;;;;;;
21/06/2022;20.6;18.5;;;;;;
22/06/2022;20.6;17.5;;;;;;
23/06/2022;23.0;16.5;;;;;;
24/06/2022;22.8;18.0;;;;;;
25/06/2022;22.9;18.3;;;;;;
26/06/2022;22.8;17.0;;;;;;
27/06/2022;23.7;17.8;;;;;;
28/06/2022;23.0;17.9;;;;;;
29/06/2022;22.5;18.0;;;;;;
30/06/2022;22.3;17.3;;;;;;
01/07/2022;21.7;16.4;;;;;;
02/07/2022;22.9;17.1;;;;;;
03/07/2022;23.2;17.7;;;;;;
04/07/2022;22.9;18.2;;;;;;
05/07/2022;23.3;18.2;;;;;;
06/07/2022;21.7;18.7;;;;;;
07/07/2022;22.3;18.2;;;;;;
08/07/2022;23.4;18.4;;;;;;
09/07/2022;26.5;19.2;;;;;;
10/07/2022;29.8;19.3;;;;;;
11/07/2022;24.5;19.3;;;;;;
12/07/2022;23.7;19.2;;;;;;
13/07/2022;24.0;18.3;;;;;;
14/07/2022;24.4;18.9;;;;;;
15/07/2022;23.8;19.3;;;;;;
16/07/2022;23.0;19.2;;;;;;
17/07/2022;22.8;19.0;;;;;;
18/07/2022;23.9;19.6;;;;;;
19/07/2022;24.4;19.5;;;;;;
20/07/2022;25.1;19.8;;;;;;
21/07/2022;25.5;20.0;;;;;;
22/07/2022;23.0;19.5;;;;;;
23/07/2022;31.5;19.8;;;;;;
24/07/2022;35.9;24.8;;;;;;
25/07/2022;30.0;22.0;;;;;;
26/07/2022;30.8;23.4;;;;;;
27/07/2022;29.2;23.3;;;;;;
28/07/2022;23.7;20.2;;;;;;
29/07/2022;23.5;19.8;;;;;;
30/07/2022;24.2;20.3;;;;;;
31/07/2022;24.0;20.0;;;;;;
01/08/2022;24.3;20.0;;;;;;
02/08/2022;24.7;19.8;;;;;;
03/08/2022;24.5;19.3;;;;;;
04/08/2022;23.8;19.9;;;;;;
05/08/2022;24.5;19.9;;;;;;
06/08/2022;24.7;19.6;;;;;;
07/08/2022;25.5;19.4;;;;;;
08/08/2022;25.5;19.5;;;;;;
09/08/2022;24.2;19.8;;;;;;
10/08/2022;24.3;19.9;;;;;;
11/08/2022;24.5;19.6;;;;;;
12/08/2022;23.9;19.0;;;;;;
13/08/2022;24.2;20.0;;;;;;
14/08/2022;25.2;20.0;;;;;;
15/08/2022;24.1;20.3;;;;;;
16/08/2022;25.3;20.0;;;;;;
17/08/2022;24.5;20.5;;;;;;
18/08/2022;23.7;19.4;;;;;;
19/08/2022;23.8;19.6;;;;;;
20/08/2022;25.5;19.9;;;;;;
21/08/2022;32.5;20.0;;;;;;
22/08/2022;26.0;21.1;;;;;;
23/08/2022;25.4;20.0;;;;;;
24/08/2022;22.9;19.4;;;;;;
25/08/2022;24.2;19.7;;;;;;
26/08/2022;23.9;20.0;;;;;;
27/08/2022;24.0;19.5;;;;;;
28/08/2022;24.0;19.3;;;;;;
29/08/2022;23.8;18.2;;;;;;
30/08/2022;24.4;19.5;;;;;;
31/08/2022;23.8;21.2;;;;;;
01/09/2022;24.9;20.5;;;;;;
02/09/2022;26.5;21.5;;;;;;
03/09/2022;24.3;20.4;;;;;;
04/09/2022;24.0;19.5;;;;;;
05/09/2022;24.6;19.9;;;;;;
06/09/2022;24.5;20.0;;;;;;
07/09/2022;24.3;19.9;;;;;;
08/09/2022;24.0;20.2;;;;;;
09/09/2022;24.5;20.5;;;;;;
10/09/2022;24.6;20.7;;;;;;
11/09/2022;26.4;20.5;;;;;;
12/09/2022;28.0;20.2;;;;;;
13/09/2022;24.5;21.0;;;;;;
14/09/2022;25.2;20.7;;;;;;
15/09/2022;23.9;20.5;;;;;;
16/09/2022;24.5;21.0;;;;;;
17/09/2022;24.5;21.0;;;;;;
18/09/2022;25.7;20.9;;;;;;
19/09/2022;25.0;19.0;;;;;;
20/09/2022;25.0;18.5;;;;;;
21/09/2022;24.8;19.4;;;;;;
22/09/2022;24.8;20.1;;;;;;
23/09/2022;24.7;20.7;;;;;;
24/09/2022;20.7;19.6;;;;;;
25/09/2022;20.1;20.0;;;;;;
26/09/2022;20.5;19.0;;;;;;
27/09/2022;22.6;18.9;;;;;;
28/09/2022;23.2;19.8;;;;;;
29/09/2022;23.0;18.8;;;;;;
30/09/2022;22.0;18.7;;;;;;
01/10/2022;22.7;18.7;;;;;;
02/10/2022;24.6;18.3;;;;;;
03/10/2022;27.5;18.4;;;;;;
04/10/2022;27.9;18.4;;;;;;
05/10/2022;26.5;21.0;;;;;;
06/10/2022;22.5;20.0;;;;;;
07/10/2022;23.0;19.8;;;;;;
08/10/2022;22.0;20.3;;;;;;
09/10/2022;22.3;20.2;;;;;;
10/10/2022;23.4;19.0;;;;;;
11/10/2022;22.4;18.2;;;;;;
12/10/2022;22.1;18.3;;;;;;
13/10/2022;22.0;19.1;;;;;;
14/10/2022;22.3;19.9;;;;;;
15/10/2022;23.4;19.7;;;;;;
16/10/2022;24.0;17.0;;;;;;
17/10/2022;24.8;16.8;;;;;;
18/10/2022;23.9;18.4;;;;;;
19/10/2022;24.0;18.5;;;;;;
20/10/2022;24.6;18.0;;;;;;
21/10/2022;24.9;17.5;;;;;;
22/10/2022;24.0;17.9;;;;;;
23/10/2022;24.1;18.7;;;;;;
24/10/2022;23.9;17.5;;;;;;
25/10/2022;24.3;18.6;;;;;;
26/10/2022;24.4;17.5;;;;;;
27/10/2022;25.7;18.0;;;;;;
28/10/2022;29.5;17.8;;;;;;
29/10/2022;25.2;19.4;;;;;;
30/10/2022;25.4;17.3;;;;;;
31/10/2022;23.8;17.5;;;;;;
01/11/2022;23.9;18.0;;;;;;
02/11/2022;24.9;17.9;;;;;;
03/11/2022;23.3;18.6;;;;;;
04/11/2022;22.3;18.9;;;;;;
05/11/2022;23.4;17.9;;;;;;
06/11/2022;23.0;19.0;;;;;;
07/11/2022;23.6;18.5;;;;;;
08/11/2022;23.0;17.5;;;;;;
09/11/2022;22.3;18.3;;;;;;
10/11/2022;23.7;17.9;;;;;;
11/11/2022;22.3;17.7;;;;;;
12/11/2022;23.2;16.2;;;;;;
13/11/2022;29.5;17.5;;;;;;
14/11/2022;28.0;20.6;;;;;;
15/11/2022;25.0;17.6;;;;;;
16/11/2022;27.8;18.6;;;;;;
17/11/2022;23.4;17.1;;;;;;
18/11/2022;22.3;17.0;;;;;;
19/11/2022;19.5;18.5;;;;;;
20/11/2022;20.8;16.8;;;;;;
21/11/2022;21.6;17.9;;;;;;
22/11/2022;21.4;18.0;;;;;;
23/11/2022;22.4;18.4;;;;;;
24/11/2022;20.5;17.0;;;;;;
25/11/2022;21.6;16.5;;;;;;
26/11/2022;22.4;15.5;;;;;;
27/11/2022;22.5;15.9;;;;;;
28/11/2022;21.9;16.7;;;;;;
29/11/2022;21.3;17.3;;;;;;
30/11/2022;20.5;17.8;;;;;;
01/12/2022;20.2;17.1;;;;;;
02/12/2022;19.6;16.5;;;;;;
03/12/2022;17.5;15.5;;;;;;
04/12/2022;20.7;14.3;;;;;;
05/12/2022;21.9;16.8;;;;;;
06/12/2022;21.9;15.5;;;;;;
07/12/2022;20.5;15.6;;;;;;
08/12/2022;21.0;18.4;;;;;;
09/12/2022;23.2;17.4;;;;;;
10/12/2022;23.8;16.9;;;;;;
11/12/2022;23.5;18.4;;;;;;
12/12/2022;23.5;17.5;;;;;;
13/12/2022;25.0;16.7;;;;;;
14/12/2022;24.6;17.1;;;;;;
15/12/2022;20.2;16.9;;;;;;
16/12/2022;19.4;15.4;;;;;;
17/12/2022;20.8;15.7;;;;;;
18/12/2022;20.5;15.5;;;;;;
19/12/2022;21.8;13.9;;;;;;
20/12/2022;22.5;14.5;;;;;;
21/12/2022;22.0;14.5;;;;;;
22/12/2022;22.6;14.9;;;;;;
23/12/2022;22.1;14.6;;;;;;
24/12/2022;22.2;15.0;;;;;;
25/12/2022;23.0;14.0;;;;;;
26/12/2022;22.0;14.1;;;;;;
27/12/2022;20.1;17.1;;;;;;
28/12/2022;21.4;17.1;;;;;;
29/12/2022;22.7;15.9;;;;;;
30/12/2022;22.7;18.0;;;;;;
31/12/2022;23.0;18.0;;;;;;
01/01/2023;22.8;15.7;;;;;;
02/01/2023;21.6;15.2;;;;;;
03/01/2023;20.6;15.5;;;;;;
04/01/2023;21.0;14.5;;;;;;
05/01/2023;20.9;13.9;;;;;;
06/01/2023;19.8;13.8;;;;;;
07/01/2023;19.2;13.4;;;;;;
08/01/2023;19.6;13.7;;;;;;
09/01/2023;19.6;13.9;;;;;;
10/01/2023;18.8;15.8;;;;;;
11/01/2023;19.9;16.9;;;;;;
12/01/2023;17.9;16.2;;;;;;
13/01/2023;18.8;15.0;;;;;;
14/01/2023;21.3;14.6;;;;;;
15/01/2023;18.8;14.5;;;;;;
16/01/2023;19.3;14.3;;;;;;
17/01/2023;18.0;14.7;;;;;;
18/01/2023;16.0;13.8;;;;;;
19/01/2023;17.0;13.3;;;;;;
20/01/2023;17.5;15.0;;;;;;
21/01/2023;18.4;14.3;;;;;;
22/01/2023;18.5;14.8;;;;;;
23/01/2023;18.0;14.7;;;;;;
24/01/2023;18.1;14.0;;;;;;
25/01/2023;18.0;14.4;;;;;;
26/01/2023;17.6;14.6;;;;;;
27/01/2023;17.7;14.0;;;;;;
28/01/2023;16.6;13.0;;;;;;
29/01/2023;16.4;12.4;;;;;;
30/01/2023;16.0;10.7;;;;;;
31/01/2023;17.5;13.0;;;;;;
01/02/2023;17.3;12.4;;;;;;
02/02/2023;17.9;11.7;;;;;;
03/02/2023;18.1;11.7;;;;;;
04/02/2023;17.5;11.3;;;;;;
05/02/2023;18.2;11.6;;;;;;
06/02/2023;18.0;11.5;;;;;;
07/02/2023;17.6;12.3;;;;;;
08/02/2023;16.7;12.6;;;;;;
09/02/2023;17.8;11.4;;;;;;
10/02/2023;17.7;11.0;;;;;;
11/02/2023;18.6;12.4;;;;;;
12/02/2023;19.5;12.1;;;;;;
13/02/2023;19.1;13.3;;;;;;
14/02/2023;19.1;12.8;;;;;;
15/02/2023;16.1;11.7;;;;;;
16/02/2023;16.2;10.7;;;;;;
17/02/2023;18.5;12.0;;;;;;
18/02/2023;18.5;14.4;;;;;;
19/02/2023;19.8;14.3;;;;;;
20/02/2023;19.3;12.4;;;;;;
21/02/2023;18.7;14.8;;;;;;
22/02/2023;17.8;15.1;;;;;;
23/02/2023;17.0;13.0;;;;;;
24/02/2023;17.9;13.3;;;;;;
25/02/2023;18.4;11.9;;;;;;
26/02/2023;21.2;11.8;;;;;;
27/02/2023;19.8;13.9;;;;;;
28/02/2023;20.0;13.6;;;;;;
01/03/2023;20.0;15.4;;;;;;
02/03/2023;20.7;14.6;;;;;;
03/03/2023;20.8;16.3;;;;;;
04/03/2023;20.8;13.6;;;;;;
05/03/2023;20.9;14.0;;;;;;
06/03/2023;20.5;13.1;;;;;;
07/03/2023;20.6;13.3;;;;;;
08/03/2023;20.7;13.8;;;;;;
09/03/2023;22.3;14.5;;;;;;
10/03/2023;22.4;15.2;;;;;;
11/03/2023;21.8;15.3;;;;;;
12/03/2023;28.4;15.1;;;;;;
13/03/2023;20.0;15.6;;;;;;
14/03/2023;22.1;13.5;;;;;;
15/03/2023;21.3;13.8;;;;;;
16/03/2023;21.2;14.5;;;;;;
17/03/2023;17.8;16.1;;;;;;
18/03/2023;19.0;14.9;;;;;;
19/03/2023;18.6;15.3;;;;;;
20/03/2023;20.0;15.6;;;;;;
21/03/2023;20.2;15.1;;;;;;
22/03/2023;21.3;14.7;;;;;;
23/03/2023;23.8;14.4;;;;;;
24/03/2023;21.8;14.5;;;;;;
25/03/2023;24.5;15.8;;;;;;
26/03/2023;27.4;16.2;;;;;;
27/03/2023;27.1;14.1;;;;;;
28/03/2023;25.3;16.8;;;;;;
29/03/2023;28.4;16.4;;;;;;
30/03/2023;30.5;19.1;;;;;;
31/03/2023;26.4;19.5;;;;;;
01/04/2023;25.8;17.4;;;;;;
02/04/2023;22.0;16.0;;;;;;
03/04/2023;20.5;16.1;;;;;;
04/04/2023;18.7;15.7;;;;;;
05/04/2023;19.0;13.6;;;;;;
06/04/2023;21.6;15.1;;;;;;
07/04/2023;19.5;14.6;;;;;;
08/04/2023;20.1;14.9;;;;;;
09/04/2023;20.4;13.7;;;;;;
10/04/2023;25.8;16.2;;;;;;
11/04/2023;22.4;16.8;;;;;;
12/04/2023;22.0;16.0;;;;;;
13/04/2023;20.9;15.6;;;;;;
14/04/2023;19.1;16.0;;;;;;
15/04/2023;21.2;15.2;;;;;;
16/04/2023;21.8;16.7;;;;;;
17/04/2023;21.1;16.4;;;;;;
18/04/2023;20.2;16.5;;;;;;
19/04/2023;21.0;16.5;;;;;;
20/04/2023;20.6;15.9;;;;;;
21/04/2023;23.0;14.3;;;;;;
22/04/2023;23.4;14.8;;;;;;
23/04/2023;20.8;16.5;;;;;;
24/04/2023;21.5;15.5;;;;;;
25/04/2023;21.4;16.4;;;;;;
26/04/2023;21.9;17.0;;;;;;
27/04/2023;22.8;15.7;;;;;;
28/04/2023;23.6;14.8;;;;;;
29/04/2023;26.8;16.9;;;;;;
30/04/2023;26.8;16.8;;;;;;
01/05/2023;26.8;17.9;;;;;;
02/05/2023;27.3;15.7;;;;;;
03/05/2023;23.8;19.4;;;;;;
04/05/2023;23.0;17.4;;;;;;
05/05/2023;21.5;17.0;;;;;;
06/05/2023;22.5;17.4;;;;;;
07/05/2023;21.4;17.8;;;;;;
08/05/2023;22.0;17.7;;;;;;
09/05/2023;21.9;17.6;;;;;;
10/05/2023;22.3;18.2;;;;;;
11/05/2023;21.8;17.6;;;;;;
12/05/2023;21.2;17.1;;;;;;
13/05/2023;21.1;17.2;;;;;;
14/05/2023;21.1;16.2;;;;;;
15/05/2023;22.1;15.0;;;;;;
16/05/2023;21.4;16.7;;;;;;
17/05/2023;21.1;16.5;;;;;;
18/05/2023;20.9;16.5;;;;;;
19/05/2023;20.8;16.6;;;;;;
20/05/2023;20.7;15.9;;;;;;
21/05/2023;21.3;15.7;;;;;;
22/05/2023;21.0;16.5;;;;;;
23/05/2023;20.5;16.1;;;;;;
24/05/2023;21.7;14.5;;;;;;
25/05/2023;21.8;15.5;;;;;;
26/05/2023;22.3;14.8;;;;;;
27/05/2023;22.4;15.0;;;;;;
28/05/2023;23.1;15.2;;;;;;
29/05/2023;23.5;16.3;;;;;;
30/05/2023;23.8;15.7;;;;;;
31/05/2023;24.5;16.0;;;;;;
01/06/2023;22.7;17.1;;;;;;
02/06/2023;23.4;17.5;;;;;;
03/06/2023;23.3;18.3;;;;;;
04/06/2023;25.0;18.6;;;;;;
05/06/2023;24.0;18.4;;;;;;
06/06/2023;27.0;18.3;;;;;;
07/06/2023;30.3;20.6;;;;;;
08/06/2023;22.9;18.0;;;;;;
09/06/2023;22.2;16.7;;;;;;
10/06/2023;22.6;16.6;;;;;;
11/06/2023;25.5;16.5;;;;;;
12/06/2023;26.3;19.3;;;;;;
13/06/2023;23.3;17.9;;;;;;
14/06/2023;24.1;18.1;;;;;;
15/06/2023;24.4;19.1;;;;;;
16/06/2023;24.9;19.4;;;;;;
17/06/2023;24.6;19.0;;;;;;
18/06/2023;24.1;19.6;;;;;;
19/06/2023;26.5;19.0;;;;;;
20/06/2023;23.9;20.0;;;;;;
21/06/2023;23.1;19.2;;;;;;
22/06/2023;25.2;18.3;;;;;;
23/06/2023;24.5;19.3;;;;;;
24/06/2023;24.2;19.8;;;;;;
25/06/2023;24.7;20.0;;;;;;
26/06/2023;27.3;19.0;;;;;;
27/06/2023;26.4;19.2;;;;;;
28/06/2023;28.7;20.8;;;;;;
29/06/2023;26.6;20.4;;;;;;
30/06/2023;24.3;20.2;;;;;;
01/07/2023;23.1;19.7;;;;;;
02/07/2023;25.3;20.0;;;;;;
03/07/2023;25.8;20.6;;;;;;
04/07/2023;26.5;19.6;;;;;;
05/07/2023;25.3;20.0;;;;;;
06/07/2023;24.3;20.3;;;;;;
07/07/2023;25.0;19.5;;;;;;
08/07/2023;25.1;19.3;;;;;;
09/07/2023;25.0;19.9;;;;;;
10/07/2023;26.1;19.6;;;;;;
11/07/2023;26.6;19.9;;;;;;
12/07/2023;28.5;21.5;;;;;;
13/07/2023;31.2;22.5;;;;;;
14/07/2023;29.1;24.3;;;;;;
15/07/2023;25.5;20.5;;;;;;
16/07/2023;24.8;20.0;;;;;;
17/07/2023;24.8;19.5;;;;;;
18/07/2023;25.0;19.4;;;;;;
19/07/2023;25.6;20.1;;;;;;
20/07/2023;24.3;20.0;;;;;;
21/07/2023;29.0;20.0;;;;;;
22/07/2023;24.6;20.4;;;;;;
23/07/2023;24.6;19.8;;;;;;
24/07/2023;24.9;19.6;;;;;;
25/07/2023;26.1;19.6;;;;;;
26/07/2023;24.8;20.1;;;;;;
27/07/2023;25.2;19.7;;;;;;
28/07/2023;26.5;19.5;;;;;;
29/07/2023;25.6;21.0;;;;;;
30/07/2023;26.9;19.6;;;;;;
31/07/2023;27.6;21.0;;;;;;
01/08/2023;27.1;22.4;;;;;;
02/08/2023;25.3;20.6;;;;;;
03/08/2023;26.0;21.2;;;;;;
04/08/2023;22.5;20.1;;;;;;
05/08/2023;24.3;19.2;;;;;;
06/08/2023;25.1;20.0;;;;;;
07/08/2023;27.0;20.5;;;;;;
08/08/2023;26.5;20.3;;;;;;
09/08/2023;26.1;20.6;;;;;;
10/08/2023;27.6;21.0;;;;;;
11/08/2023;30.8;21.8;;;;;;
12/08/2023;29.4;22.5;;;;;;
13/08/2023;29.5;22.0;;;;;;
14/08/2023;29.0;22.0;;;;;;
15/08/2023;27.3;20.9;;;;;;
16/08/2023;26.7;20.6;;;;;;
17/08/2023;26.8;20.9;;;;;;
18/08/2023;27.9;20.0;;;;;;
19/08/2023;26.3;21.2;;;;;;
20/08/2023;30.5;21.3;;;;;;
21/08/2023;30.7;22.7;;;;;;
22/08/2023;30.8;22.0;;;;;;
23/08/2023;30.0;22.2;;;;;;
24/08/2023;28.6;21.3;;;;;;
25/08/2023;28.1;21.6;;;;;;
26/08/2023;31.7;23.5;;;;;;
27/08/2023;27.1;22.2;;;;;;
28/08/2023;25.2;20.9;;;;;;
29/08/2023;25.8;20.8;;;;;;
30/08/2023;26.5;20.8;;;;;;
31/08/2023;26.1;20.8;;;;;;
01/09/2023;25.5;20.8;;;;;;
02/09/2023;25.6;21.0;;;;;;
03/09/2023;24.9;19.3;;;;;;
04/09/2023;25.4;19.3;;;;;;
05/09/2023;25.6;18.4;;;;;;
06/09/2023;26.2;18.5;;;;;;
07/09/2023;26.5;18.8;;;;;;
08/09/2023;27.4;19.4;;;;;;
09/09/2023;27.2;20.6;;;;;;
10/09/2023;27.0;19.7;;;;;;
11/09/2023;26.6;20.0;;;;;;
12/09/2023;25.3;19.6;;;;;;
13/09/2023;25.6;20.2;;;;;;
14/09/2023;25.0;20.1;;;;;;
15/09/2023;25.9;21.1;;;;;;
16/09/2023;26.3;20.4;;;;;;
17/09/2023;23.0;20.3;;;;;;
18/09/2023;23.4;18.7;;;;;;
19/09/2023;26.0;19.0;;;;;;
20/09/2023;24.6;18.1;;;;;;
21/09/2023;25.1;18.6;;;;;;
22/09/2023;25.0;20.0;;;;;;
23/09/2023;24.5;20.8;;;;;;
24/09/2023;24.8;19.5;;;;;;
25/09/2023;24.5;20.7;;;;;;
26/09/2023;25.6;20.4;;;;;;
27/09/2023;27.0;20.0;;;;;;
28/09/2023;25.1;20.4;;;;;;
29/09/2023;26.1;21.2;;;;;;
30/09/2023;28.5;20.0;;;;;;
01/10/2023;29.5;21.0;;;;;;
02/10/2023;29.6;19.9;;;;;;
03/10/2023;30.3;20.5;;;;;;
04/10/2023;33.5;23.2;;;;;;
05/10/2023;33.1;21.2;;;;;;
06/10/2023;33.7;24.6;;;;;;
07/10/2023;33.4;24.3;;;;;;
08/10/2023;32.5;25.5;;;;;;
09/10/2023;35.5;29.4;;;;;;
10/10/2023;34.2;26.4;;;;;;
11/10/2023;32.5;23.7;;;;;;
12/10/2023;30.7;21.1;;;;;;
13/10/2023;33.4;21.5;;;;;;
14/10/2023;33.6;24.7;;;;;;
15/10/2023;31.1;23.5;;;;;;
16/10/2023;30.4;22.5;;;;;;
17/10/2023;26.5;21.0;;;;;;
18/10/2023;25.7;19.0;;;;;;
19/10/2023;24.7;18.5;;;;;;
20/10/2023;23.4;20.3;;;;;;
21/10/2023;23.4;17.2;;;;;;
22/10/2023;22.4;18.4;;;;;;
23/10/2023;22.7;17.8;;;;;;
24/10/2023;23.5;17.5;;;;;;
25/10/2023;23.5;17.5;;;;;;
26/10/2023;23.0;19.0;;;;;;
27/10/2023;24.6;19.5;;;;;;
28/10/2023;24.0;18.2;;;;;;
29/10/2023;24.3;17.1;;;;;;
30/10/2023;24.4;17.3;;;;;;
31/10/2023;26.4;17.4;;;;;;
01/11/2023;24.6;20.1;;;;;;
02/11/2023;23.1;19.7;;;;;;
03/11/2023;23.8;19.3;;;;;;
04/11/2023;22.8;18.1;;;;;;
05/11/2023;24.4;18.5;;;;;;
06/11/2023;21.5;17.0;;;;;;
07/11/2023;21.3;17.9;;;;;;
08/11/2023;21.7;17.8;;;;;;
09/11/2023;22.6;18.3;;;;;;
10/11/2023;24.3;16.9;;;;;;
11/11/2023;23.8;19.1;;;;;;
12/11/2023;23.3;19.4;;;;;;
13/11/2023;26.6;17.2;;;;;;
14/11/2023;27.1;18.0;;;;;;
15/11/2023;30.9;22.0;;;;;;
16/11/2023;27.9;18.0;;;;;;
17/11/2023;25.0;16.5;;;;;;
18/11/2023;26.2;16.4;;;;;;
19/11/2023;26.1;15.1;;;;;;
20/11/2023;26.6;19.8;;;;;;
21/11/2023;23.8;21.4;;;;;;
22/11/2023;22.7;17.4;;;;;;
23/11/2023;23.1;16.0;;;;;;
24/11/2023;22.4;15.9;;;;;;
25/11/2023;22.0;17.5;;;;;;
26/11/2023;21.5;16.6;;;;;;
27/11/2023;20.4;15.1;;;;;;
28/11/2023;21.8;15.0;;;;;;
29/11/2023;21.1;15.0;;;;;;
30/11/2023;23.5;15.1;;;;;;
01/12/2023;22.8;17.2;;;;;;
02/12/2023;19.8;16.7;;;;;;
03/12/2023;21.0;16.5;;;;;;
04/12/2023;20.0;14.5;;;;;;
05/12/2023;21.5;14.7;;;;;;
06/12/2023;21.3;17.9;;;;;;
07/12/2023;20.9;16.6;;;;;;
08/12/2023;21.1;15.0;;;;;;
09/12/2023;24.4;15.2;;;;;;
10/12/2023;23.7;15.3;;;;;;
11/12/2023;25.2;18.4;;;;;;
12/12/2023;23.0;16.5;;;;;;
13/12/2023;23.5;16.7;;;;;;
14/12/2023;21.1;16.0;;;;;;
15/12/2023;21.0;16.6;;;;;;
16/12/2023;21.6;14.2;;;;;;
17/12/2023;19.1;13.8;;;;;;
18/12/2023;19.4;13.7;;;;;;
19/12/2023;20.5;13.4;;;;;;
20/12/2023;20.0;15.5;;;;;;
21/12/2023;19.0;16.3;;;;;;
22/12/2023;18.8;15.5;;;;;;
23/12/2023;18.3;12.3;;;;;;
24/12/2023;21.2;12.2;;;;;;
25/12/2023;20.7;13.4;;;;;;
26/12/2023;20.8;13.5;;;;;;
27/12/2023;21.6;13.6;;;;;;
28/12/2023;22.4;13.7;;;;;;
29/12/2023;23.2;15.0;;;;;;
30/12/2023;23.9;15.5;;;;;;
31/12/2023;22.2;14.5;;;;;;
01/01/2024;21.6;14.5;;;;;;
02/01/2024;21.4;14.2;;;;;;
03/01/2024;23.1;14.5;;;;;;
04/01/2024;22.4;14.7;;;;;;
05/01/2024;19.9;16.0;;;;;;
06/01/2024;19.9;14.7;;;;;;
07/01/2024;20.9;13.0;;;;;;
08/01/2024;20.4;13.5;;;;;;
09/01/2024;22.0;13.5;;;;;;
10/01/2024;22.0;14.7;;;;;;
11/01/2024;24.4;16.0;;;;;;
12/01/2024;26.0;15.8;;;;;;
13/01/2024;26.6;15.2;;;;;;
14/01/2024;22.9;16.6;;;;;;
15/01/2024;22.4;16.1;;;;;;
16/01/2024;27.7;20.0;;;;;;
17/01/2024;21.2;16.5;;;;;;
18/01/2024;22.4;15.4;;;;;;
19/01/2024;19.8;16.5;;;;;;
20/01/2024;19.2;13.8;;;;;;
21/01/2024;18.4;15.3;;;;;;
22/01/2024;18.9;14.8;;;;;;
23/01/2024;22.2;14.5;;;;;;
24/01/2024;19.9;16.7;;;;;;
25/01/2024;21.5;15.9;;;;;;
26/01/2024;22.4;18.1;;;;;;
27/01/2024;24.2;17.2;;;;;;
28/01/2024;26.0;15.0;;;;;;
29/01/2024;25.2;16.3;;;;;;
30/01/2024;25.5;15.9;;;;;;
31/01/2024;23.3;15.8;;;;;;
01/02/2024;22.3;18.4;;;;;;
02/02/2024;20.9;15.8;;;;;;
03/02/2024;22.9;14.6;;;;;;
04/02/2024;21.8;14.6;;;;;;
05/02/2024;21.4;15.3;;;;;;
06/02/2024;21.4;15.3;;;;;;
07/02/2024;23.7;15.5;;;;;;
08/02/2024;26.0;16.0;;;;;;
09/02/2024;25.4;17.1;;;;;;
10/02/2024;21.4;18.0;;;;;;
11/02/2024;21.5;14.5;;;;;;
12/02/2024;21.8;15.5;;;;;;
13/02/2024;24.9;15.1;;;;;;
14/02/2024;24.1;16.9;;;;;;
15/02/2024;22.1;17.1;;;;;;
16/02/2024;21.2;15.7;;;;;;
17/02/2024;21.5;15.0;;;;;;
18/02/2024;22.5;17.2;;;;;;
19/02/2024;24.0;16.8;;;;;;
20/02/2024;20.9;14.9;;;;;;
21/02/2024;21.2;15.0;;;;;;
22/02/2024;20.8;14.3;;;;;;
23/02/2024;20.2;16.5;;;;;;
24/02/2024;20.1;15.5;;;;;;
25/02/2024;19.2;16.0;;;;;;
26/02/2024;19.8;15.5;;;;;;
27/02/2024;17.6;15.1;;;;;;
28/02/2024;19.4;14.5;;;;;;
29/02/2024;18.2;15.9;;;;;;
01/03/2024;18.4;15.2;;;;;;
02/03/2024;19.6;13.6;;;;;;
03/03/2024;19.0;13.9;;;;;;
04/03/2024;18.7;15.4;;;;;;
05/03/2024;19.6;13.6;;;;;;
06/03/2024;19.3;14.3;;;;;;
07/03/2024;20.1;14.4;;;;;;
08/03/2024;19.0;13.6;;;;;;
09/03/2024;21.7;15.0;;;;;;
10/03/2024;20.2;15.3;;;;;;
11/03/2024;19.4;14.4;;;;;;
12/03/2024;19.7;12.0;;;;;;
13/03/2024;23.0;13.3;;;;;;
14/03/2024;21.5;16.8;;;;;;
15/03/2024;21.6;14.7;;;;;;
16/03/2024;27.6;14.8;;;;;;
17/03/2024;23.0;15.8;;;;;;
18/03/2024;21.1;17.2;;;;;;
19/03/2024;20.7;16.7;;;;;;
20/03/2024;20.5;15.5;;;;;;
21/03/2024;21.0;15.4;;;;;;
22/03/2024;18.9;12.2;;;;;;
23/03/2024;18.3;11.5;;;;;;
24/03/2024;20.2;12.7;;;;;;
25/03/2024;20.5;15.1;;;;;;
26/03/2024;18.7;13.7;;;;;;
27/03/2024;21.1;13.3;;;;;;
28/03/2024;21.4;13.1;;;;;;
29/03/2024;19.7;14.0;;;;;;
30/03/2024;22.3;13.1;;;;;;
31/03/2024;21.8;14.4;;;;;;
01/04/2024;19.5;14.9;;;;;;
02/04/2024;22.7;13.6;;;;;;
03/04/2024;20.6;16.2;;;;;;
04/04/2024;22.0;16.1;;;;;;
05/04/2024;25.3;13.6;;;;;;
06/04/2024;20.9;16.3;;;;;;
07/04/2024;20.9;15.6;;;;;;
08/04/2024;21.0;16.3;;;;;;
09/04/2024;19.4;15.9;;;;;;
10/04/2024;22.4;15.5;;;;;;
11/04/2024;30.6;21.7;;;;;;
12/04/2024;30.8;21.6;;;;;;
13/04/2024;29.7;17.6;;;;;;
14/04/2024;30.1;15.2;;;;;;
15/04/2024;30.6;16.9;;;;;;
16/04/2024;26.7;18.2;;;;;;
17/04/2024;28.5;17.6;;;;;;
18/04/2024;27.9;17.9;;;;;;
19/04/2024;22.4;17.1;;;;;;
20/04/2024;22.4;16.8;;;;;;
21/04/2024;21.7;16.4;;;;;;
22/04/2024;22.2;16.0;;;;;;
23/04/2024;22.5;16.6;;;;;;
24/04/2024;24.5;15.9;;;;;;
25/04/2024;22.8;14.5;;;;;;
26/04/2024;21.5;16.3;;;;;;
27/04/2024;22.4;15.1;;;;;;
28/04/2024;20.7;15.4;;;;;;
29/04/2024;20.2;14.4;;;;;;
30/04/2024;20.0;15.3;;;;;;
01/05/2024;20.4;15.4;;;;;;
02/05/2024;21.0;16.1;;;;;;
03/05/2024;21.3;14.9;;;;;;
04/05/2024;22.0;14.6;;;;;;
05/05/2024;24.0;13.8;;;;;;
06/05/2024;23.2;15.6;;;;;;
07/05/2024;23.0;17.7;;;;;;
08/05/2024;26.3;15.0;;;;;;
09/05/2024;24.6;17.1;;;;;;
10/05/2024;21.6;17.5;;;;;;
11/05/2024;22.2;17.4;;;;;;
12/05/2024;21.2;17.3;;;;;;
13/05/2024;20.6;16.7;;;;;;
14/05/2024;21.7;16.5;;;;;;
15/05/2024;19.5;15.5;;;;;;
16/05/2024;21.0;14.9;;;;;;
17/05/2024;22.4;15.5;;;;;;
18/05/2024;22.2;16.3;;;;;;
19/05/2024;21.6;16.5;;;;;;
20/05/2024;22.2;15.0;;;;;;
21/05/2024;21.9;16.1;;;;;;
22/05/2024;21.8;16.8;;;;;;
23/05/2024;22.4;16.2;;;;;;
24/05/2024;21.3;16.2;;;;;;
25/05/2024;21.5;16.2;;;;;;
26/05/2024;23.0;16.3;;;;;;
27/05/2024;21.4;17.5;;;;;;
28/05/2024;20.9;16.7;;;;;;
29/05/2024;21.8;17.2;;;;;;
30/05/2024;22.0;17.8;;;;;;
31/05/2024;21.9;17.4;;;;;;
01/06/2024;21.9;17.1;;;;;;
02/06/2024;22.2;17.5;;;;;;
03/06/2024;22.4;17.6;;;;;;
04/06/2024;23.0;18.0;;;;;;
05/06/2024;23.3;18.3;;;;;;
06/06/2024;22.6;16.6;;;;;;
07/06/2024;24.7;16.6;;;;;;
08/06/2024;24.9;16.6;;;;;;
09/06/2024;24.3;18.0;;;;;;
10/06/2024;23.5;18.4;;;;;;
11/06/2024;22.0;17.0;;;;;;
12/06/2024;21.9;16.9;;;;;;
13/06/2024;22.3;17.2;;;;;;
14/06/2024;22.0;17.4;;;;;;
15/06/2024;23.3;17.8;;;;;;
16/06/2024;22.0;17.7;;;;;;
17/06/2024;23.3;17.6;;;;;;
18/06/2024;22.7;17.7;;;;;;
19/06/2024;22.9;17.3;;;;;;
20/06/2024;22.9;17.1;;;;;;
21/06/2024;22.7;17.3;;;;;;
22/06/2024;22.1;18.0;;;;;;
23/06/2024;22.8;17.8;;;;;;
24/06/2024;21.8;17.8;;;;;;
25/06/2024;21.4;17.8;;;;;;
26/06/2024;21.7;17.6;;;;;;
27/06/2024;22.6;16.6;;;;;;
28/06/2024;23.6;17.8;;;;;;
29/06/2024;22.2;17.4;;;;;;
30/06/2024;22.6;17.1;;;;;;
01/07/2024;20.7;17.4;;;;;;
02/07/2024;22.1;17.8;;;;;;
03/07/2024;22.2;18.1;;;;;;
04/07/2024;23.4;18.5;;;;;;
05/07/2024;22.4;17.4;;;;;;
06/07/2024;21.8;17.4;;;;;;
07/07/2024;21.4;17.5;;;;;;
08/07/2024;23.0;17.4;;;;;;
09/07/2024;23.3;18.5;;;;;;
10/07/2024;24.6;19.4;;;;;;
11/07/2024;22.4;18.8;;;;;;
12/07/2024;22.9;19.1;;;;;;
13/07/2024;24.3;18.0;;;;;;
14/07/2024;24.7;18.3;;;;;;
15/07/2024;27.6;17.7;;;;;;
16/07/2024;25.4;19.8;;;;;;
17/07/2024;24.7;18.6;;;;;;
18/07/2024;26.4;17.4;;;;;;
19/07/2024;28.4;18.2;;;;;;
20/07/2024;28.2;20.1;;;;;;
21/07/2024;23.3;19.8;;;;;;
22/07/2024;23.7;19.5;;;;;;
23/07/2024;24.5;19.2;;;;;;
24/07/2024;27.1;18.7;;;;;;
25/07/2024;28.7;20.5;;;;;;
26/07/2024;25.1;19.5;;;;;;
27/07/2024;25.4;19.1;;;;;;
28/07/2024;24.2;18.8;;;;;;
29/07/2024;25.8;19.7;;;;;;
30/07/2024;26.2;18.8;;;;;;
31/07/2024;25.8;19.5;;;;;;
01/08/2024;24.2;20.2;;;;;;
02/08/2024;24.9;20.0;;;;;;
03/08/2024;26.9;20.1;;;;;;
04/08/2024;25.4;19.8;;;;;;
05/08/2024;24.5;19.8;;;;;;
06/08/2024;24.7;20.0;;;;;;
07/08/2024;25.0;20.3;;;;;;
08/08/2024;24.7;20.3;;;;;;
09/08/2024;25.4;20.3;;;;;;
10/08/2024;25.2;19.9;;;;;;
11/08/2024;25.4;20.0;;;;;;
12/08/2024;25.6;19.6;;;;;;
13/08/2024;25.0;20.3;;;;;;
14/08/2024;24.4;20.0;;;;;;
15/08/2024;23.7;20.0;;;;;;
16/08/2024;27.1;19.4;;;;;;
17/08/2024;31.0;20.1;;;;;;
18/08/2024;25.9;20.8;;;;;;
19/08/2024;24.8;21.2;;;;;;
20/08/2024;25.2;21.0;;;;;;
21/08/2024;26.3;21.2;;;;;;
22/08/2024;25.9;19.4;;;;;;
23/08/2024;23.7;19.9;;;;;;
24/08/2024;26.2;19.8;;;;;;
25/08/2024;25.1;20.5;;;;;;
26/08/2024;26.0;19.9;;;;;;
27/08/2024;25.2;19.7;;;;;;
28/08/2024;24.6;20.4;;;;;;
29/08/2024;24.9;20.1;;;;;;
30/08/2024;25.3;20.0;;;;;;
31/08/2024;24.7;19.2;;;;;;
